version,phase,model_id,model_name,split,k,evaluated_users,precision_at_k,recall_at_k,ndcg_at_k,hit_at_k,catalog_coverage_at_k,total_recommendations,unique_recommended_items,runtime_seconds,seconds_per_user,parameters,notes
B,B0,B0_m100,Bayesian popularity baseline,filtered_temporal,10,9547,0.0010265004713522574,0.010265004713522572,0.004707789341819872,0.010265004713522572,0.0006211823170100424,95470,24,0.04965496063232422,5.2011061728631215e-06,"{""m"": 100}",Bayesian popularity smoothing
B,B1,B1_k50,User-based kNN CF,filtered_temporal,10,9547,0.001927307007436891,0.01927307007436891,0.009840914427326824,0.01927307007436891,0.15382027124961176,95470,5943,5.862461566925049,0.0006140632205850056,"{""k_neighbors"": 50, ""metric"": ""cosine""}",Fallback to B0 for insufficient user history
B,B2,B2_k100,Item-based kNN CF implicit,filtered_temporal,10,9547,0.0008798575468733634,0.008798575468733633,0.004431794617025265,0.008798575468733633,0.4677244021120199,95470,18071,28.63741445541382,0.002999624432325738,"{""k_neighbors"": 100, ""metric"": ""cosine"", ""positive_threshold"": 4}",Implicit positive-only item-kNN
B,B3,B3_k10,Item-based kNN CF rating-weighted,filtered_temporal,10,9547,0.0006808421493662931,0.006808421493662931,0.003874093133476035,0.006808421493662931,0.5449580701936019,95470,21055,14.520169734954834,0.0015209143956169304,"{""k_neighbors"": 10, ""weighting"": ""rating_minus_user_mean""}",Weighted item-kNN using centered user ratings
B,B4,B4_svd64,SVD CF 64,filtered_temporal,10,9547,0.002524353199958102,0.02524353199958102,0.01308927129619586,0.02524353199958102,0.03263795423956931,95470,1261,8.557781457901001,0.0008963843571698964,"{""n_components"": 64}",TruncatedSVD collaborative latent factors
